depth,accuracy,std_accuracy,recall,precision,f1_score
1,0.64136476426799,0.0158910869889639,0.989451287793953,0.6313110497644836,0.7707877405354847
2,0.6632506203473946,0.019046730030866085,0.8817693169092946,0.6704465749252607,0.761271305416907
