depth,auc
1,0.733507752
2,0.738658978
3,0.745897192
4,0.747651544
5,0.752947007
6,0.762671877
